scenario,n_approved,approval_rate,n_approved_real,avg_limit,median_limit,avg_installment,disbursement_real,wavg_pd,realised_bad_rate,el_real,el_ratio,net_real,net_per_loan,return_on_disbursement,concentration_DE,pd_cutoff
cut=2%,489,0.04874401913875598,160884,408527.6073619632,400000.0,106217.17791411043,65725763755.980865,0.018273662493056776,0.024539877300613498,462404413.2304436,0.00703536005982686,9256208503.187021,57533.24871339138,0.14083074846497667,0.0,0.02
cut=3%,1395,0.139055023923445,458965,393232.9749103943,380000.0,102240.57347670251,180480177033.49283,0.02511043896844951,0.030107526881720432,1744795541.1095765,0.009667519002853061,24684361956.89681,53782.66602804894,0.13677048838618977,0.0,0.03
cut=4%,2476,0.24681020733652312,814621,376203.55411954765,360000.0,97812.9240710824,306463605263.1579,0.030694628500480627,0.036348949919224556,3621612807.3011703,0.011817431972685042,40727134442.49947,49995.14612254308,0.13289386975503142,0.0,0.04
cut=5%,3403,0.3392145135566188,1119611,349626.79988245666,330000.0,90902.96796943873,391446159090.9091,0.034552701288033304,0.034381428151630915,5207326049.085216,0.013302789995892822,50252939464.77045,44884.268249197754,0.12837765372759666,0.0,0.05
cut=6%,3941,0.39284290271132377,1296617,340170.00761228113,310000.0,88444.2019791931,441070311602.87085,0.03737662122025944,0.03476275057092108,6347001417.788689,0.014389999169799886,55617967661.90628,42894.66777796867,0.1260977358911052,0.0,0.06
cut=7%,4309,0.4295255183413078,1417691,332116.5003481086,300000.0,86350.29009050824,470838880980.86127,0.03935493721051901,0.035275005801810165,7133986319.95004,0.015151650826049821,58509644906.87413,41271.057442410856,0.12426680818072125,0.01363995276327834,0.07
cut=8%,4660,0.46451355661881977,1533173,321141.63090128754,290000.0,83496.82403433476,492365820574.1627,0.04105852512101346,0.03755364806866953,7783088548.917477,0.015807532171590182,60101834157.42223,39200.936041753615,0.12206743775864796,0.056765028198754446,0.08
cut=10%,5105,0.5088716108452951,1679581,309723.8001958864,280000.0,80528.18805093046,520206407894.7369,0.043842532904687086,0.04368266405484819,8780759123.811317,0.016879375168304525,62046949085.41915,36941.90723076467,0.11927371163404485,0.10724540521395955,0.1
cut=12%,5488,0.5470494417862839,1805591,301352.0408163265,270000.0,78351.5306122449,544118649521.5311,0.04685706038340769,0.05010932944606414,9815883160.301922,0.018039968247611962,63535480083.81691,35188.18295300068,0.11676769421464715,0.14647906059909785,0.12
cut=15%,6104,0.6084529505582137,2008259,282195.28178243776,250000.0,73370.77326343382,566721442583.732,0.050474900103622135,0.06094364351245085,11013005157.382883,0.01943283653989452,63470430657.01105,31604.690979134044,0.11199581644139645,0.18052040034368252,0.15
cut=18%,6833,0.6811204146730463,2248106,264108.00526854966,220000.0,68668.08136982292,593742802033.4928,0.05575889424504431,0.07580857602809893,12745980211.326595,0.02146717428434206,63127454720.641106,28080.283393496575,0.10632121266049488,0.21781508879838196,0.18
cut=22%,7266,0.7242822966507177,2390566,255059.17974126065,200000.0,66315.38673272777,609735840909.091,0.05933868334340655,0.08739333883842554,13929654964.929653,0.022845393087211525,62758926777.993,26252.746372216858,0.10292805927960874,0.23833137282410455,0.22
cut=30%,7266,0.7242822966507177,2390566,255059.17974126065,200000.0,66315.38673272777,609735840909.091,0.05933868334340655,0.08739333883842554,13929654964.929653,0.022845393087211525,62758926777.993,26252.746372216858,0.10292805927960874,0.23833137282410455,0.3
