feature,iv,n_bins,strength
dtp_mean,1.0778091640423766,10,SUSPECT
dtp_p75,1.056688644834521,10,SUSPECT
pct_fast_pay,1.0450327678684708,6,SUSPECT
dtp_max,0.9662815685982605,10,SUSPECT
goodpay_v2,0.9324406399725731,8,SUSPECT
autopay_flag,0.8677378281425772,2,SUSPECT
dtp_std,0.7915510725965089,10,SUSPECT
n_late_months_10m,0.533481529800069,3,SUSPECT
pct_late,0.533481529800069,3,SUSPECT
n_suspensions_10m,0.533481529800069,3,SUSPECT
susp_recency_weight,0.5321741810226698,4,SUSPECT
max_debt_days_10m,0.524457767171234,4,SUSPECT
debt_to_bill,0.5203906799804371,4,SUSPECT
max_consec_late,0.5186163452438117,3,SUSPECT
max_debt_amt_10m,0.5173506039760061,4,SUSPECT
months_since_last_susp,0.39829914827287716,3,strong
goodpay_v1,0.39414518725777214,4,strong
n_ontime_months,0.354717205237879,4,strong
dtp_trend,0.30787558932846437,10,strong
dtp_shift_3m,0.29597896705934934,10,medium
bureau_score,0.18862923834436499,11,medium
n_debt_months_10m,0.1781565448105497,4,medium
n_partial_payments,0.11294171853899537,4,medium
pay_ratio_mean,0.10033293139981608,6,medium
pay_ratio_min,0.08129013452376926,6,weak
home_cell_stability,0.055570717902176714,10,weak
active_days_ratio,0.04824421581662536,10,weak
n_services,0.042533312799689,3,weak
distinct_contacts,0.026655194229943377,10,weak
n_returned_cheques,0.01886817639856337,3,useless
tenure_months,0.015523232204691482,10,useless
n_sim_swaps_12m,0.013370277045662973,3,useless
contacts_per_1k_bill,0.013330404417718484,10,useless
has_roaming,0.009762311030181579,2,useless
capacity_headroom,0.004452320790918001,10,useless
mobility_radius_km,0.004089173833714956,10,useless
device_age_months,0.0034823508023163743,10,useless
proven_capacity,0.0028633845446663087,10,useless
bill_max_10m,0.0026514490059135446,10,useless
sms_count_avg,0.0025476072217248866,10,useless
data_gb_avg,0.002375073735703068,10,useless
bill_mean_10m,0.0019858859674741973,10,useless
bill_trend,0.0019515798104723476,10,useless
deposit_amount,0.0015502416383509244,10,useless
province,0.0014921859093574678,8,useless
voice_min_avg,0.0014736419555994996,10,useless
bill_median_10m,0.0013409199789116038,10,useless
expected_bill,0.0012799744270408395,10,useless
n_device_changes_12m,0.001177335926397805,3,useless
usage_momentum,0.0011696552947159163,10,useless
bill_cv_10m,0.0011081652441205278,10,useless
noise_1,0.0010724545009478613,10,useless
noise_2,0.0009817692026335401,10,useless
deposit_coverage,0.0009062857147968124,10,useless
noise_3,0.0007192857706365444,6,useless
device_price_band,0.0006341899180162937,5,useless
device_value_ratio,0.0005118218784280908,6,useless
plan_tier,0.00038724095035829717,4,useless
bureau_missing,0.00023232456370433165,2,useless
current_debt_days,0.0,1,useless
current_debt_amt,0.0,1,useless
