scenario,n_approved,approval_rate,n_approved_real,avg_limit,median_limit,avg_installment,disbursement_real,wavg_pd,realised_bad_rate,el_real,el_ratio,net_real,net_per_loan,return_on_disbursement,concentration_DE,pd_cutoff,alpha_scale,topsis,vikor_Q,saw,rank_topsis,rank_vikor,rank_saw,rank_profit,rank_mean
PD<=4% | alpha x0.85,2476,0.24681020733652312,814621,342782.7140549273,310000.0,89123.50565428109,279238261363.63635,0.02967492751767101,0.036348949919224556,3190254438.9586577,0.01142484709430334,36133148082.72197,44355.73587465748,0.12939898675156047,0.0,0.04,0.85,0.5960562478371467,0.6162112119768441,0.5565931850603255,9,12,8,15,9.666666666666666
PD<=4% | alpha x1.00,2476,0.24681020733652312,814621,376203.55411954765,360000.0,97812.9240710824,306463605263.1579,0.030694628500480627,0.036348949919224556,3621612807.3011703,0.011817431972685042,40727134442.49947,49995.14612254308,0.13289386975503142,0.0,0.04,1.0,0.6099264769184799,0.4163508090836265,0.5923141839942704,8,8,6,14,7.333333333333333
PD<=4% | alpha x1.15,2476,0.24681020733652312,814621,382108.23909531505,360000.0,99348.14216478191,311273690191.3876,0.030905373636352044,0.036348949919224556,3703711433.9344053,0.011898568849995537,41532897325.53529,50984.2712753174,0.13342887187156313,0.0,0.04,1.15,0.6122460407834158,0.4059981029709967,0.5976916582607272,7,7,5,13,6.333333333333333
PD<=6% | alpha x0.85,3941,0.39284290271132377,1296617,306640.44658716064,270000.0,79726.51611266176,397595303229.6651,0.03594915365485351,0.03476275057092108,5502887639.576753,0.013840424157118603,48437319477.89733,37356.68192138549,0.121825683262456,0.0,0.06,0.85,0.6947619054455322,0.1959293939506943,0.5878292568870855,3,3,7,12,4.333333333333333
PD<=6% | alpha x1.00,3941,0.39284290271132377,1296617,340170.00761228113,310000.0,88444.2019791931,441070311602.87085,0.03737662122025944,0.03476275057092108,6347001417.788689,0.014389999169799886,55617967661.90628,42894.66777796867,0.1260977358911052,0.0,0.06,1.0,0.7192724755693309,0.014297258070036744,0.6416304804576611,2,2,2,8,2.0
PD<=6% | alpha x1.15,3941,0.39284290271132377,1296617,345290.5353971073,320000.0,89775.5392032479,447709676435.40674,0.03760397698061075,0.03476275057092108,6481730781.169382,0.014477531137535138,56708754390.53118,43735.92351434159,0.1266641249347954,0.00027924955356814794,0.06,1.15,0.7215366756910665,0.0,0.6490568612044998,1,1,1,7,1.0
PD<=8% | alpha x0.85,4659,0.4644138755980861,1532844,289162.9104958146,250000.0,75182.35672891178,443241758971.2919,0.03955733709074767,0.03756170852114188,6750383513.8444805,0.015229574779937855,52071991262.620834,33970.82572670529,0.11747988588321044,0.04365317953399989,0.08,0.85,0.6437769545987007,0.2514093906052177,0.5449477163682018,4,6,10,11,6.666666666666667
PD<=8% | alpha x1.00,4660,0.46451355661881977,1533173,321141.63090128754,290000.0,83496.82403433476,492365820574.1627,0.04105852512101346,0.03755364806866953,7783088548.917477,0.015807532171590182,60101834157.42223,39200.936041753615,0.12206743775864796,0.056765028198754446,0.08,1.0,0.6300283636254985,0.21830857534259507,0.5980400127360835,5,5,4,6,4.666666666666667
PD<=8% | alpha x1.15,4660,0.46451355661881977,1533173,326137.339055794,300000.0,84795.70815450644,500025107655.50244,0.04132330973826378,0.03755364806866953,7955136574.214453,0.015909474249231555,61343562872.55589,40010.84356996092,0.12268096528228575,0.05857349651269904,0.08,1.15,0.626857376441227,0.21642212885443163,0.6053518428448623,6,4,3,5,4.333333333333333
PD<=10% | alpha x0.85,5103,0.5086722488038278,1678923,277701.3521457966,240000.0,72202.35155790711,466239360645.93304,0.0420674547536234,0.043699784440525184,7551198735.20747,0.01619597008014501,53324962217.992294,31761.39845967582,0.1143725020215267,0.09082569454735341,0.1,0.85,0.5166900482581877,0.4706301042902513,0.4911045786738704,10,11,12,10,11.0
PD<=10% | alpha x1.00,5105,0.5088716108452951,1679581,309723.8001958864,280000.0,80528.18805093046,520206407894.7369,0.043842532904687086,0.04368266405484819,8780759123.811317,0.016879375168304525,62046949085.41915,36941.90723076467,0.11927371163404485,0.10724540521395955,0.1,1.0,0.4971529516453253,0.4491957214618032,0.5446867205348835,11,9,11,4,10.333333333333334
PD<=10% | alpha x1.15,5105,0.5088716108452951,1679581,314709.1087169442,290000.0,81824.36826640548,528579640550.23926,0.04415487489090162,0.04368266405484819,8985656640.873823,0.016999626832997126,63387610762.68479,37740.11890820277,0.11992064374008,0.10943053299223822,0.1,1.15,0.4950556161111164,0.44964491271554907,0.5519226264244879,12,10,9,3,10.333333333333334
PD<=14% | alpha x0.85,5844,0.5825358851674641,1922717,259175.22245037646,220000.0,67385.55783709788,498320850478.46893,0.046911955292091856,0.05783709787816564,9000224101.623802,0.018061102787455364,54140730410.4376,28158.436144660795,0.10864632767915232,0.14935759464420117,0.14,0.85,0.39593163668347786,0.889573981932954,0.38946270183693443,15,15,15,9,15.0
PD<=14% | alpha x1.00,5869,0.5850279106858054,1930943,289071.3920599761,260000.0,75158.5619355938,558180416267.9426,0.0490009118348597,0.05776111773726359,10530269505.713938,0.018865351056420985,63536385500.26693,32904.32782615751,0.113827686619818,0.16798109114914886,0.14,1.0,0.40193867117933213,0.8797055874294617,0.44442382548603027,14,14,14,2,14.0
PD<=14% | alpha x1.15,5870,0.585127591706539,1931272,293645.65587734245,260000.0,76347.87052810902,567109671052.6316,0.04931051493853412,0.05775127768313458,10766320913.897766,0.018984548251335637,64943590596.76811,33627.363857894285,0.11451681026039301,0.16993676393804028,0.14,1.15,0.40418187960199353,0.8780418353754464,0.4531480213140896,13,13,13,1,13.0
