feature,bin,count,bad_rate,woe,points
dtp_std,"(-inf, 1.212]",1609,0.04785581106277191,1.1101712327912363,103.6
dtp_std,"(1.212, 1.372]",1608,0.034203980099502485,1.4576762094208846,119.3
dtp_std,"(1.372, 1.497]",1608,0.03109452736318408,1.5552992642662489,123.7
dtp_std,"(1.497, 1.654]",1608,0.03544776119402985,1.4209860374253012,117.6
dtp_std,"(1.654, 3.968]",1608,0.09266169154228855,0.4043462988035994,71.8
dtp_std,"(3.968, 5.098]",1608,0.22201492537313433,-0.6212437499220623,25.5
dtp_std,"(5.098, 5.813]",1608,0.20211442786069653,-0.5022229599972579,30.9
dtp_std,"(5.813, 6.479]",1608,0.2294776119402985,-0.6638938875728403,23.6
dtp_std,"(6.479, 7.305]",1608,0.2027363184079602,-0.5060698703313902,30.7
dtp_std,"(7.305, inf]",1608,0.23072139303482586,-0.6709068683747974,23.3
pct_late,"(-inf, 0.0]",11784,0.08223014256619145,0.5363634358192824,61.3
pct_late,"(0.0, 0.1]",2580,0.2329457364341085,-0.6844186277701158,43.6
pct_late,"(0.1, 0.2]",1717,0.3296447291788002,-1.1662480201088885,36.6
n_ontime_months,"(-inf, 7.0]",2614,0.2746748278500383,-0.90479396316383,45.4
n_ontime_months,"(7.0, 8.0]",2923,0.16660964762230585,-0.2663660469280449,51.2
n_ontime_months,"(8.0, 9.0]",4673,0.10870960838861544,0.2277327611526452,55.6
n_ontime_months,"(9.0, 10.0]",5871,0.07204905467552376,0.6791484875511279,59.6
dtp_trend,"(-0.00215, 0.0707]",1608,0.0740049751243781,0.6486729021219428,55.0
dtp_trend,"(-0.0757, -0.00215]",1608,0.07213930348258707,0.676110073601173,55.0
dtp_trend,"(-0.163, -0.0757]",1608,0.07835820895522388,0.5870363240444767,54.9
dtp_trend,"(-0.299, -0.163]",1608,0.09763681592039801,0.346720826539168,54.3
dtp_trend,"(-0.645, -0.299]",1608,0.1884328358208955,-0.4152467210201982,52.6
dtp_trend,"(-inf, -0.645]",1609,0.21379738968303294,-0.5730780091283633,52.3
dtp_trend,"(0.0707, 0.161]",1608,0.08271144278606965,0.528444217882861,54.7
dtp_trend,"(0.161, 0.293]",1608,0.11131840796019901,0.20069830517420392,54.0
dtp_trend,"(0.293, 0.648]",1608,0.18097014925373134,-0.36575522403485855,52.8
dtp_trend,"(0.648, inf]",1608,0.22885572139303484,-0.6603774071573645,52.1
bureau_score,"(-inf, 504.711]",976,0.24077868852459017,-0.7270445837241589,29.7
bureau_score,"(504.711, 529.942]",975,0.20205128205128206,-0.5023784249127966,37.1
bureau_score,"(529.942, 548.514]",975,0.18974358974358974,-0.4243980572436362,39.6
bureau_score,"(548.514, 564.249]",976,0.15881147540983606,-0.20952262598763913,46.7
bureau_score,"(564.249, 578.942]",975,0.12,0.11473951490764343,57.3
bureau_score,"(578.942, 593.923]",975,0.12205128205128205,0.09552911454693612,56.7
bureau_score,"(593.923, 610.066]",976,0.08709016393442623,0.47038022951480735,69.0
bureau_score,"(610.066, 630.108]",975,0.06769230769230769,0.7416842184506953,77.9
bureau_score,"(630.108, 658.648]",975,0.06256410256410257,0.825331461172775,80.7
bureau_score,"(658.648, inf]",976,0.039959016393442626,1.2929072540918165,96.0
bureau_score,__NA__,6327,0.13861229650703336,-0.047623160617280814,52.0
pay_ratio_min,"(-inf, 0.422]",1609,0.17712865133623368,-0.3404494190970767,47.7
pay_ratio_min,"(0.422, 0.518]",1608,0.19340796019900497,-0.44820242190060033,45.9
pay_ratio_min,"(0.518, 0.599]",1608,0.1654228855721393,-0.2580831159360158,49.1
pay_ratio_min,"(0.599, 0.683]",1608,0.15360696517412936,-0.17006596860806675,50.7
pay_ratio_min,"(0.683, 0.789]",1608,0.13370646766169153,-0.0083847613349359,53.4
pay_ratio_min,"(0.789, 1.0]",8040,0.1009950248756219,0.3106732118314685,58.9
home_cell_stability,"(-inf, 0.558]",1609,0.14481044126786824,-0.10008925118611885,50.9
home_cell_stability,"(0.558, 0.643]",1608,0.17661691542288557,-0.33614944351409026,44.6
home_cell_stability,"(0.643, 0.699]",1608,0.1318407960199005,0.008575898360931217,53.8
home_cell_stability,"(0.699, 0.746]",1608,0.14987562189054726,-0.14033643745631996,49.8
home_cell_stability,"(0.746, 0.789]",1608,0.12002487562189054,0.11575409342228897,56.6
home_cell_stability,"(0.789, 0.828]",1608,0.15049751243781095,-0.14520020366924408,49.7
home_cell_stability,"(0.828, 0.865]",1608,0.13308457711442787,-0.0022250299603569098,53.5
home_cell_stability,"(0.865, 0.902]",1608,0.12748756218905472,0.047071863205818965,54.8
home_cell_stability,"(0.902, 0.946]",1608,0.12189054726368159,0.09824753305145109,56.2
home_cell_stability,"(0.946, inf]",1608,0.07213930348258707,0.676110073601173,71.5
active_days_ratio,"(-inf, 0.712]",1609,0.15475450590428838,-0.1780578556281012,50.4
active_days_ratio,"(0.712, 0.778]",1608,0.13557213930348258,-0.02357383952145425,53.1
active_days_ratio,"(0.778, 0.822]",1608,0.13308457711442787,-0.0022250299603569098,53.5
active_days_ratio,"(0.822, 0.854]",1608,0.14738805970149255,-0.12071381175686674,51.4
active_days_ratio,"(0.854, 0.882]",1608,0.14987562189054726,-0.14033643745631996,51.1
active_days_ratio,"(0.882, 0.907]",1608,0.1417910447761194,-0.07554167762387917,52.2
active_days_ratio,"(0.907, 0.931]",1608,0.13992537313432835,-0.06015485837558146,52.5
active_days_ratio,"(0.931, 0.954]",1608,0.13619402985074627,-0.028859481992496636,53.1
active_days_ratio,"(0.954, 0.979]",1608,0.11442786069651742,0.1697201917975524,56.6
active_days_ratio,"(0.979, inf]",1608,0.07524875621890548,0.6307313759793528,64.7
n_services,"(-inf, 1.0]",6823,0.15403781327861643,-0.17270411281567144,50.0
n_services,"(1.0, 2.0]",7039,0.12359710186105981,0.0827136582287773,55.2
n_services,"(2.0, 3.0]",2219,0.09689049121225778,0.3545973636371918,60.8
distinct_contacts,"(-inf, 23.0]",1679,0.16557474687313878,-0.2583261874223246,50.2
distinct_contacts,"(100.0, inf]",1602,0.0986267166042447,0.3355574279291257,57.9
distinct_contacts,"(23.0, 30.0]",1731,0.1369150779896014,-0.0348271404105322,53.1
distinct_contacts,"(30.0, 36.0]",1688,0.14514218009478674,-0.10267744679141444,52.2
distinct_contacts,"(36.0, 42.0]",1564,0.14194373401534527,-0.07684477388310415,52.6
distinct_contacts,"(42.0, 48.0]",1464,0.1366120218579235,-0.03258867929643277,53.1
distinct_contacts,"(48.0, 56.0]",1688,0.12914691943127962,0.03236524479857605,54.0
distinct_contacts,"(56.0, 65.0]",1552,0.12757731958762886,0.0461920627380757,54.2
distinct_contacts,"(65.0, 78.0]",1543,0.13156189241736876,0.010925454133535389,53.7
distinct_contacts,"(78.0, 100.0]",1570,0.11273885350318472,0.18639673934670356,56.0
